[{
  "_id": {
    "$oid": "67b9c1235441e34f77effe5a"
  },
  "owner": {
    "$oid": "67b9be622cd5924e03767aed"
  },
  "inventory": [
    {
      "quantity": 23,
      "_id": {
        "$oid": "67b9c34c5441e34f77effea7"
      },
      "bookID": {
        "$oid": "67bade3e22208fa61a91f9ec"
      },
      "price": 20
    },
    {
      "quantity": 20,
      "_id": {
        "$oid": "67badf7d064f041d26cfe2b5"
      },
      "bookID": {
        "$oid": "67bade8b22208fa61a9212b5"
      },
      "price": 15
    },
    {
      "quantity": 12,
      "_id": {
        "$oid": "67bb3ec0cbcbe11fdb1e2d8e"
      },
      "bookID": {
        "$oid": "67bade7522208fa61a920bb7"
      },
      "price": 39
    }
  ],
  "__v": 3
}]